{"cameraMode":{"drawMode":0,"name":"Shaded","section":"Shading Mode"},"sceneLighting":true,"audioPlay":false,"sceneViewState":{"showFog":true,"showMaterialUpdate":false,"showSkybox":true,"showFlares":true,"showImageEffects":true,"showParticleSystems":true},"in2DMode":false,"pivot":{"x":-79.73999786376953,"y":40.58000183105469,"z":-8.764832496643067},"rotation":{"x":0.016773877665400506,"y":-0.9786296486854553,"z":0.18446584045886994,"w":0.08930298686027527},"size":37.30939483642578,"orthographic":false}