{"cameraMode":{"drawMode":0,"name":"Shaded","section":"Shading Mode"},"sceneLighting":false,"audioPlay":false,"sceneViewState":{"showFog":true,"showMaterialUpdate":false,"showSkybox":true,"showFlares":true,"showImageEffects":true,"showParticleSystems":true},"in2DMode":false,"pivot":{"x":14.800000190734864,"y":0.3999999761581421,"z":-12.09000015258789},"rotation":{"x":0.009500337764620781,"y":-0.4262407422065735,"z":0.004472473636269569,"w":0.9045488834381104},"size":4.041658401489258,"orthographic":false}