{"cameraMode":{"drawMode":0,"name":"Shaded","section":"Shading Mode"},"sceneLighting":true,"audioPlay":false,"sceneViewState":{"showFog":true,"showMaterialUpdate":false,"showSkybox":true,"showFlares":true,"showImageEffects":true,"showParticleSystems":true},"in2DMode":false,"pivot":{"x":14.08323860168457,"y":39.654151916503909,"z":-8.449999809265137},"rotation":{"x":-0.07139461487531662,"y":0.8028655648231506,"z":-0.09831058233976364,"w":-0.5836477875709534},"size":24.133756637573243,"orthographic":false}