{"cameraMode":{"drawMode":0,"name":"Shaded","section":"Shading Mode"},"sceneLighting":false,"audioPlay":false,"sceneViewState":{"showFog":true,"showMaterialUpdate":false,"showSkybox":true,"showFlares":true,"showImageEffects":true,"showParticleSystems":true},"in2DMode":false,"pivot":{"x":17.0,"y":-0.0709974467754364,"z":-14.470000267028809},"rotation":{"x":-0.011017316952347756,"y":-0.7441136837005615,"z":-0.012281039729714394,"w":0.6678494215011597},"size":4.041658401489258,"orthographic":false}