{"cameraMode":{"drawMode":0,"name":"Shaded","section":"Shading Mode"},"sceneLighting":false,"audioPlay":false,"sceneViewState":{"showFog":true,"showMaterialUpdate":false,"showSkybox":true,"showFlares":true,"showImageEffects":true,"showParticleSystems":true},"in2DMode":false,"pivot":{"x":12.160280227661133,"y":2.7550861835479738,"z":26.12864875793457},"rotation":{"x":-0.08004339784383774,"y":0.8493537306785584,"z":-0.13488905131816865,"w":-0.5039803981781006},"size":21.329387664794923,"orthographic":false}