{"cameraMode":{"drawMode":0,"name":"Shaded","section":"Shading Mode"},"sceneLighting":true,"audioPlay":false,"sceneViewState":{"showFog":true,"showMaterialUpdate":false,"showSkybox":true,"showFlares":true,"showImageEffects":true,"showParticleSystems":true},"in2DMode":false,"pivot":{"x":-297.3091735839844,"y":185.7003631591797,"z":-19.16391372680664},"rotation":{"x":0.07142142206430435,"y":-0.6897000074386597,"z":0.06875764578580857,"w":0.7172763347625732},"size":11.488588333129883,"orthographic":false}