{"cameraMode":{"drawMode":0,"name":"Shaded","section":"Shading Mode"},"sceneLighting":true,"audioPlay":false,"sceneViewState":{"showFog":true,"showMaterialUpdate":false,"showSkybox":true,"showFlares":true,"showImageEffects":true,"showParticleSystems":true},"in2DMode":false,"pivot":{"x":-320.574951171875,"y":-1033.7374267578125,"z":1466.51123046875},"rotation":{"x":0.1195027083158493,"y":0.2782081365585327,"z":-0.034844014793634418,"w":0.9524207711219788},"size":14.765384674072266,"orthographic":false}