{"cameraMode":{"drawMode":0,"name":"Shaded","section":"Shading Mode"},"sceneLighting":true,"audioPlay":false,"sceneViewState":{"showFog":true,"showMaterialUpdate":false,"showSkybox":true,"showFlares":true,"showImageEffects":true,"showParticleSystems":true},"in2DMode":false,"pivot":{"x":-51.718544006347659,"y":46.32123565673828,"z":17.54768943786621},"rotation":{"x":-0.06925474852323532,"y":0.5862525701522827,"z":-0.05047436058521271,"w":-0.805583119392395},"size":6.120875358581543,"orthographic":false}