{"cameraMode":{"drawMode":0,"name":"Shaded","section":"Shading Mode"},"sceneLighting":false,"audioPlay":false,"sceneViewState":{"showFog":true,"showMaterialUpdate":false,"showSkybox":true,"showFlares":true,"showImageEffects":true,"showParticleSystems":true},"in2DMode":false,"pivot":{"x":5.929792881011963,"y":2.240626335144043,"z":-6.320715427398682},"rotation":{"x":-0.011017316952347756,"y":-0.7441136837005615,"z":-0.012281039729714394,"w":0.6678494215011597},"size":15.54065990447998,"orthographic":false}