{"cameraMode":{"drawMode":0,"name":"Shaded","section":"Shading Mode"},"sceneLighting":false,"audioPlay":false,"sceneViewState":{"showFog":true,"showMaterialUpdate":false,"showSkybox":true,"showFlares":true,"showImageEffects":true,"showParticleSystems":true},"in2DMode":false,"pivot":{"x":-4.76837158203125e-7,"y":-0.6282501220703125,"z":1.1845424175262452},"rotation":{"x":-0.06925474852323532,"y":0.5862525701522827,"z":-0.05047436058521271,"w":-0.805583119392395},"size":19.888330459594728,"orthographic":false}