{"cameraMode":{"drawMode":0,"name":"Shaded","section":"Shading Mode"},"sceneLighting":true,"audioPlay":false,"sceneViewState":{"showFog":true,"showMaterialUpdate":false,"showSkybox":true,"showFlares":true,"showImageEffects":true,"showParticleSystems":true},"in2DMode":false,"pivot":{"x":11.79150390625,"y":1.414686918258667,"z":7.9740376472473148},"rotation":{"x":-0.053728871047496799,"y":0.8495711088180542,"z":-0.08824563026428223,"w":-0.5172570943832398},"size":8.846359252929688,"orthographic":false}