{"cameraMode":{"drawMode":0,"name":"Shaded","section":"Shading Mode"},"sceneLighting":false,"audioPlay":false,"sceneViewState":{"showFog":true,"showMaterialUpdate":false,"showSkybox":true,"showFlares":true,"showImageEffects":true,"showParticleSystems":true},"in2DMode":false,"pivot":{"x":1.7999999523162842,"y":19.59000015258789,"z":13.109999656677246},"rotation":{"x":-0.13900430500507356,"y":0.716694712638855,"z":-0.14938808977603913,"w":-0.6668655872344971},"size":4.001038551330566,"orthographic":false}