{"cameraMode":{"drawMode":0,"name":"Shaded","section":"Shading Mode"},"sceneLighting":true,"audioPlay":false,"sceneViewState":{"showFog":true,"showMaterialUpdate":false,"showSkybox":true,"showFlares":true,"showImageEffects":true,"showParticleSystems":true},"in2DMode":false,"pivot":{"x":14.800000190734864,"y":-0.07099741697311402,"z":7.309999942779541},"rotation":{"x":-0.13886864483356477,"y":0.7538761496543884,"z":-0.16897593438625337,"w":-0.6195428967475891},"size":10.494790077209473,"orthographic":false}