{"cameraMode":{"drawMode":0,"name":"Shaded","section":"Shading Mode"},"sceneLighting":false,"audioPlay":false,"sceneViewState":{"showFog":true,"showMaterialUpdate":false,"showSkybox":true,"showFlares":true,"showImageEffects":true,"showParticleSystems":true},"in2DMode":false,"pivot":{"x":12.829463958740235,"y":-3.31477952003479,"z":15.201639175415039},"rotation":{"x":-0.018505100160837175,"y":0.9651226997375488,"z":-0.07106387615203858,"w":-0.2512882649898529},"size":31.155385971069337,"orthographic":false}